File name,trans_city,trans_hamlet_uniformise,trans_monument_uniformise,error_city,error_hamlet,error_monument,another_error,bonus
FRAD084_07FI002_0001.jpg,Ansouis,Aucun lieu-dit,Château d'Ansouis,,,,,
FRAD084_07FI002_0002.jpg,Ansouis,Aucun lieu-dit,Château d'Ansouis,,,,,
FRAD084_07FI002_0003.jpg,Aucune ville,Aucun lieu-dit,Aucun monument,,,,,
FRAD084_07FI002_0004.jpg,Ansouis,Aucun lieu-dit,Château d'Ansouis,,,,,
FRAD084_07FI002_0005.jpg,Ansouis,Aucun lieu-dit,Porte fortifiée du Château,,,,,
FRAD084_07FI002_0006.jpg,Ansouis,Aucun lieu-dit,Château d'Ansouis,,,,,
FRAD084_07FI002_0007.jpg,Ansouis,Aucun lieu-dit,Le Château,,,,,
FRAD084_07FI002_0008_01.jpg,Ansouis,Aucun lieu-dit,Le Château,,,,,
FRAD084_07FI002_0009.jpg,Ansouis,Aucun lieu-dit,L'Église et l'éperon du Château,,,,,
FRAD084_07FI002_0010.jpg,Ansouis,Aucun lieu-dit,L'Eglise et l'Eperon,,,,,
FRAD084_07FI002_0011.jpg,Ansouis,Aucun lieu-dit,Château,,,,,
FRAD084_07FI002_0012.jpg,Ansouis,Aucun lieu-dit,Aucun monument,,,,,
FRAD084_07FI002_0013.jpg,Ansouis,Aucun lieu-dit,Aucun monument,,,,,
FRAD084_07FI002_0014.jpg,Ansouis,Aucun lieu-dit,Eglise de Ansouis,,,,,
FRAD084_07FI002_0015_01.jpg,Ansouis,Aucun lieu-dit,Aucun monument,,,monument_absent,,
FRAD084_07FI003_0001.jpg,Apt,Aucun lieu-dit,Aucun monument,,,,,
FRAD084_07FI003_0002.jpg,Apt,Aucun lieu-dit,Aucun monument,,,,,
FRAD084_07FI003_0003.jpg,Apt,Quai de la Liberté,Aucun monument,,,,,
FRAD084_07FI003_0004.jpg,Apt,Aucun lieu-dit,Sous-Préfecture et Palais de Justice,,,,,
FRAD084_07FI003_0005.jpg,Apt,Aucun lieu-dit,Hôtel de Ville et Sous-Préfecture,,,,,
FRAD084_07FI003_0006.jpg,Apt,Aucun lieu-dit,Porte de la Cathédrale,,,,,
FRAD084_07FI003_0007.jpg,Avignon,Aucun lieu-dit,Église Saint-Pierre,commune_hallucinee,,monument_hallucine,,
FRAD084_07FI003_0008.jpg,Aucune ville,Aucun lieu-dit,Eglise de None,,,monument_hallucine,,
FRAD084_07FI003_0009.jpg,Aucune ville,Aucun lieu-dit,Eglise de None,,,monument_hallucine,,
FRAD084_07FI003_0010.jpg,Aucune ville,Aucun lieu-dit,Aucun monument,,,,,
FRAD084_07FI003_0011.jpg,Apt,Aucun lieu-dit,Tombeaux,,,,,
FRAD084_07FI003_0012.jpg,Apt,Sainte-Anne d'Apt,Tombeau du IVe siècle,,mauvais_lieudit,monument_mauvais_niveau,swap_lieudit_monument,
FRAD084_07FI003_0013.jpg,Apt,Aucun lieu-dit,Crypte inférieure,,,,,
FRAD084_07FI003_0014.jpg,Apt,Aucun lieu-dit,Dôme et Chapelle de Sainte-Anne,,,,,
FRAD084_07FI003_0015.jpg,Apt,Aucun lieu-dit,Halles et Dôme Sainte-Anne,,,,,
FRAD084_07FI003_0016.jpg,Apt,Aucun lieu-dit,Chapelle Sainte-Anne,,,,,
FRAD084_07FI003_0017.jpg,Apt,Aucun lieu-dit,Chapelle Royale de Sainte-Anne,,,,,
FRAD084_07FI003_0018.jpg,Apt,Aucun lieu-dit,Halle aux grains,,,,,
FRAD084_07FI003_0019.jpg,Apt,Saignon,Porte Saignon,,mauvais_lieudit,,,
FRAD084_07FI003_0020.jpg,Apt,Rue des Marchands,Aucun monument,,,,,
FRAD084_07FI003_0021_01.jpg,Apt,Rue des Marchands,Tour de l'Horloge,,,,,
FRAD084_07FI003_0022.jpg,Apt,Saignon,Porte de Saignon,,mauvais_lieudit,,,
FRAD084_07FI003_0023_01.jpg,Apt,Sainte-Delphine,La Tour Sainte-Delphine,,lieudit_absent,,swap_lieudit_monument,
FRAD084_07FI003_0024.jpg,Apt,Aucun lieu-dit,Fontaine Saint-Pierre,,,,,
FRAD084_07FI003_0025.jpg,Apt,Place de la Bouquerie,Aucun monument,,,,,
FRAD084_07FI003_0026.jpg,Apt,Place Bouquerie,Aucun monument,,,,,
FRAD084_07FI003_0027.jpg,Apt,Beaumes,Aucun monument,,,,,
FRAD084_07FI003_0028.jpg,Apt,Aucun lieu-dit,Viaduc,,,,,
FRAD084_07FI003_0029.jpg,Apt,Aucun lieu-dit,Aucun monument,,lieudit_absent,,,
FRAD084_07FI003_0030_01.jpg,Apt,Rond-Point de la Madeleine,Aucun monument,,,,,
FRAD084_07FI003_0031.jpg,Apt,Aucun lieu-dit,Avenue Philippe de Girard,,lieudit_absent,,swap_lieudit_monument,
FRAD084_07FI003_0032.jpg,Apt,Saint-Martian,Eglise de Saint-Martian,,lieudit_hallucine,,,find_else
FRAD084_07FI003_0033.jpg,Apt,Aucun lieu-dit,Aucun monument,,,,,
FRAD084_07FI003_0034.jpg,Aucune ville,Aucun lieu-dit,Aucun monument,,,,,
FRAD084_07FI003_0035.jpg,Aucune ville,Aucun lieu-dit,Aucun monument,,,,,
FRAD084_07FI003_0036.jpg,Aucune ville,Aucun lieu-dit,Aucun monument,,,,,
FRAD084_07FI003_0040.jpg,Aucune ville,Aucun lieu-dit,Aucun monument,,,,,
FRAD084_07FI003_0041_01.jpg,Apt,Aucun lieu-dit,Caisse d'Epargne,,,,,
FRAD084_07FI003_0042_01.jpg,Apt,Aucun lieu-dit,Eglise Ste-Anne,,,,,
FRAD084_07FI003_0043.jpg,Apt,Aucun lieu-dit,Aucun monument,,,monument_absent,,
FRAD084_07FI003_0044.jpg,Cavaillon,Aucun lieu-dit,Café du Palais,commune_hallucinee,,,,find_else
FRAD084_07FI003_0045.jpg,Aucune ville,Aucun lieu-dit,Aucun monument,,,,,
FRAD084_07FI003_0046.jpg,Avignon,Aucun lieu-dit,Tour de l'Horloge,commune_hallucinee,,,,find_else
FRAD084_07FI003_0047.jpg,Aucune ville,Aucun lieu-dit,Eglise de None,,,monument_hallucine,,
FRAD084_07FI003_0048.jpg,Apt,Aucun lieu-dit,Monument aux Morts,,,monument_multiple_incomplet,,
FRAD084_07FI003_0049.jpg,Apt,Lauze-de-Perret,Fontaine,,,,,
FRAD084_07FI003_0050.jpg,Apt,Notre-Dame de la Garde,Les Pins,,,,,
FRAD084_07FI003_0051_01.jpg,Apt,Aucun lieu-dit,La Cathédrale,,,,,
FRAD084_07FI003_0052_01.jpg,Apt,Aucun lieu-dit,Dôme St-Anne,,,,,
FRAD084_07FI003_0053_01.jpg,Apt,Aucun lieu-dit,La Cathédrale,,,,,
FRAD084_07FI003_0054.jpg,Apt,Aucun lieu-dit,Basilique Ste-Anne,,,,,
FRAD084_07FI003_0055.jpg,Apt,Aucun lieu-dit,La Cathédrale,,,,,
FRAD084_07FI003_0056.jpg,Apt,Aucun lieu-dit,La Cathédrale,,,,,
FRAD084_07FI003_0059.jpg,Apt,Aucun lieu-dit,Aucun monument,,,,,
FRAD084_07FI003_0060.jpg,Apt,Aucun lieu-dit,Le Beffroi,,,,,
FRAD084_07FI003_0061.jpg,Apt,Aucun lieu-dit,Porte du Beffroi,,lieudit_absent,,,
FRAD084_07FI003_0062.jpg,Apt,Rue des Marchands,Porte de l'Horloge,,,,,
FRAD084_07FI003_0063.jpg,Apt,Aucun lieu-dit,La Cathédrale,,,,,
FRAD084_07FI003_0064_01.jpg,Apt,Aucun lieu-dit,Beffroi,,lieudit_absent,,,
FRAD084_07FI003_0065.jpg,Apt,Aucun lieu-dit,Le Beffroi,,,,,
FRAD084_07FI003_0066.jpg,Apt,Aucun lieu-dit,Hôtel de Ville et Sous-Préfecture,,,,,
FRAD084_07FI003_0068.jpg,Apt,Aucun lieu-dit,Chapelle Royale de Sainte-Anne d'Apt,,,,,
FRAD084_07FI003_0069.jpg,Apt,Aucun lieu-dit,La Cathédrale (Grande Nef),,,,,
FRAD084_07FI003_0070.jpg,Apt,Sainte-Anne,Première Crypte Romane,,mauvais_lieudit,monument_mauvais_niveau,swap_lieudit_monument,
FRAD084_07FI003_0071.jpg,Apt,Aucun lieu-dit,Eglise de SAINTE-ANNE-d'APT,,,,,
FRAD084_07FI003_0072.jpg,Apt,Aucun lieu-dit,Sainte-Anne d'Apt,,,,,
FRAD084_07FI003_0073.jpg,Apt,Aucun lieu-dit,Crypte supérieure,,,monument_mauvais_niveau,,
FRAD084_07FI003_0074.jpg,Apt,Sainte-Anne d'Apt,Crypte inférieure,,mauvais_lieudit,monument_mauvais_niveau,swap_lieudit_monument,
FRAD084_07FI003_0075.jpg,Apt,Aucun lieu-dit,Statue de Sainte-Anne,,,monument_mauvais_niveau,,
FRAD084_07FI003_0076.jpg,Apt,Aucun lieu-dit,Tour Sainte-Delphine,,,,,
FRAD084_07FI003_0078.jpg,Apt,Aucun lieu-dit,Fontaine & Place St-Pierre,,lieudit_absent,monument_mauvais_niveau,cas_ambigu,
FRAD084_07FI007_0001.jpg,Avignon,Bartelasse,Aucun monument,,mauvais_lieudit,,,
FRAD084_07FI007_0002.jpg,Avignon,Aucun lieu-dit,Palais des Papes,,,,,
FRAD084_07FI007_0003.jpg,Avignon,Aucun lieu-dit,Palais des Papes,,,,,
FRAD084_07FI007_0004.jpg,Avignon,Aucun lieu-dit,Aucun monument,,lieudit_absent,,,
FRAD084_07FI007_0005.jpg,Avignon,Aucun lieu-dit,Monument du Centenaire de l'annexion du Comtat-Venaissin à la France,,,,,
FRAD084_07FI007_0006.jpg,Avignon,Aucun lieu-dit,Théâtre,,lieudit_absent,,,
FRAD084_07FI007_0007.jpg,Avignon,Aucun lieu-dit,Ancien Hôtel des Monnaies,,lieudit_absent,,,
FRAD084_07FI007_0008.jpg,Avignon,Aucun lieu-dit,Le Brave Crillon,,lieudit_absent,,,
FRAD084_07FI007_0009.jpg,Rocher des Dons,Aucun lieu-dit,Le Départ des Hirondelles,commune_mauvais_niveau,,monument_partiel,,
FRAD084_07FI007_0010.jpg,Avignon,Aucun lieu-dit,Les Lutteurs,,lieudit_absent,,,
FRAD084_07FI007_0011.jpg,Avignon,Place Pie,Tour Saint-Jean,,,,,
FRAD084_07FI007_0012.jpg,Avignon,Aucun lieu-dit,Clocher de Jacquemart,,,,,
FRAD084_07FI007_0013.jpg,Avignon,Aucun lieu-dit,Pont suspendu,,,,,
FRAD084_07FI007_0014.jpg,Avignon,Aucun lieu-dit,Pont Saint-Benezet,,,,,
FRAD084_07FI007_0015.jpg,Avignon,Aucun lieu-dit,Pont Saint-Benezet et le Rocher des Dons,,,,,
FRAD084_07FI007_0016.jpg,Avignon,Aucun lieu-dit,Pont en bois,,,,,
FRAD084_07FI007_0017.jpg,Avignon,Aucun lieu-dit,Le Sanctuaire et Notre Dame des Dons,,,,,
FRAD084_07FI007_0018.jpg,Avignon,Aucun lieu-dit,Porte Saint-Michel,,,,,
FRAD084_07FI007_0019_01.jpg,Avignon,Aucun lieu-dit,Château,,,,,
FRAD084_07FI007_0020.jpg,Avignon,Aucun lieu-dit,Palais des Papes,,,,,
FRAD084_07FI007_0021_01.jpg,Avignon,Aucun lieu-dit,Aucun monument,,,,,
FRAD084_07FI007_0022.jpg,Avignon,Aucun lieu-dit,Aucun monument,,,,,
FRAD084_07FI007_0023_01.jpg,Avignon,Aucun lieu-dit,Aucun monument,,,,,
FRAD084_07FI007_0024_01.jpg,Avignon,Barthelasse,Aucun monument,,mauvais_lieudit,,,
FRAD084_07FI007_0025.jpg,Avignon,Ile de la Barthelasse,La Cathédrale et le Palais des Papes,,mauvais_lieudit,,,
FRAD084_07FI007_0026.jpg,Avignon,Villeneuve-les-Avignon,Aucun monument,,mauvais_lieudit,,,
FRAD084_07FI007_0027_01.jpg,Avignon,Aucun lieu-dit,Aucun monument,,,,,
FRAD084_07FI007_0028.jpg,Avignon,Île de la Barthclasse,Pont St-Benezet et Palais des Papes,,mauvais_lieudit,,,
FRAD084_07FI007_0029_01.jpg,Avignon,Aucun lieu-dit,Aucun monument,,,,,
FRAD084_07FI007_0030_01.jpg,Avignon,Île de la Barthelasse,"Pont St-Benezet, Palais des Papes",,mauvais_lieudit,,,
FRAD084_07FI007_0031_01.jpg,Avignon,Aucun lieu-dit,"Pont St-Bénézet, Palais des Papes",,,,,
FRAD084_07FI007_0032_01.jpg,Avignon,Aucun lieu-dit,Aucun monument,,,,,
FRAD084_07FI007_0033.jpg,Avignon,Aucun lieu-dit,Palais des Papes,,,,,
FRAD084_07FI007_0034.jpg,Avignon,Villeneuve,Aucun monument,,,,,
FRAD084_07FI007_0035.jpg,Avignon,Barthelasse,Aucun monument,,mauvais_lieudit,,,
FRAD084_07FI007_0036_01.jpg,Avignon,Aucun lieu-dit,Palais des Papes et Pont St-Bénézet,,,,,
FRAD084_07FI007_0037.jpg,Avignon,Brèche de la Comtadine,Tour de Villeneuve,,mauvais_lieudit,mauvais_monument,,
FRAD084_07FI007_0038.jpg,Avignon,Aucun lieu-dit,Aucun monument,,,,,find_else
FRAD084_07FI007_0039.jpg,Aucune ville,Aucun lieu-dit,Aucun monument,,,,,
FRAD084_07FI007_0040_01.jpg,Avignon,Aucun lieu-dit,Aucun monument,,,,,find_else
FRAD084_07FI007_0041.jpg,Avignon,Aucun lieu-dit,Château d'Avignon,,,,,find_else
FRAD084_07FI007_0042.jpg,Aucune ville,Aucun lieu-dit,Aucun monument,,,,,
FRAD084_07FI007_0043.jpg,Avignon,Aucun lieu-dit,Château d'Avignon,,,,,find_else
FRAD084_07FI007_0044_01.jpg,Avignon,Aucun lieu-dit,Aucun monument,,,,,
FRAD084_07FI007_0045.jpg,Avignon,Aucun lieu-dit,Aucun monument,,,,,
FRAD084_07FI007_0046.jpg,Avignon,Aucun lieu-dit,Aucun monument,,,,,
FRAD084_07FI007_0046_01.jpg,Avignon,Aucun lieu-dit,Aucun monument,,,,,
FRAD084_07FI007_0047.jpg,Avignon,Aucun lieu-dit,Aucun monument,,,,,
FRAD084_07FI007_0048_01.jpg,Avignon,Aucun lieu-dit,Aucun monument,,lieudit_absent,,,
FRAD084_07FI007_0049.jpg,Avignon,Ile de la Barthelasse,Pont Bénézet et Palais des Papes,,mauvais_lieudit,,,
FRAD084_07FI007_0050.jpg,Avignon,Aucun lieu-dit,Aucun monument,,,,,
FRAD084_07FI007_0051.jpg,Avignon,Aucun lieu-dit,Palais des Papes,,,,,
FRAD084_07FI007_0052.jpg,Avignon,Aucun lieu-dit,Aucun monument,,,,,
FRAD084_07FI007_0053_01.jpg,Avignon,Aucun lieu-dit,Aucun monument,,,,,
FRAD084_07FI007_0054.jpg,Avignon,Aucun lieu-dit,Aucun monument,,,,,
FRAD084_07FI007_0055.jpg,Avignon,Aucun lieu-dit,Palais des Papes,,,mauvais_monument,,
FRAD084_07FI007_0056.jpg,Avignon,Ile de la Bartbelasse,Aucun monument,,mauvais_lieudit,,,
FRAD084_07FI007_0057_01.jpg,Avignon,Aucun lieu-dit,Palais des Papes,,,,,
FRAD084_07FI007_0058.jpg,Avignon,Aucun lieu-dit,Palais des Papes,,,,,
FRAD084_07FI007_0059.jpg,Avignon,Aucun lieu-dit,Palais des Papes,,,monument_multiple_incomplet,,
FRAD084_07FI007_0060.jpg,Avignon,Aucun lieu-dit,Palais des Papes,,,monument_multiple_incomplet,,
FRAD084_07FI007_0061.jpg,Avignon,Aucun lieu-dit,Palais des Papes,,,,,
FRAD084_07FI007_0062_01.jpg,Avignon,Aucun lieu-dit,Palais des Papes,,,,,
FRAD084_07FI007_0063_01.jpg,Avignon,Aucun lieu-dit,La Cathédrale et le Palais des Papes,,,,,
FRAD084_07FI007_0064.jpg,Avignon,Aucun lieu-dit,Palais des Papes,,,,,
FRAD084_07FI007_0065_01.jpg,Avignon,Aucun lieu-dit,Palais des Papes,,,,,
FRAD084_07FI007_0066.jpg,Avignon,Aucun lieu-dit,Palais des Papes,,,,,
FRAD084_07FI007_0066BIS_01.jpg,Avignon,Aucun lieu-dit,Palais des Papes,,,,,
FRAD084_07FI007_0067.jpg,Avignon,Aucun lieu-dit,Palais des Papes,,,monument_multiple_incomplet,,
FRAD084_07FI007_0068.jpg,Avignon,île de la Barthelasse,Palais des Papes,,mauvais_lieudit,,,
FRAD084_07FI007_0069_01.jpg,Avignon,Aucun lieu-dit,Eglise de Avignon,,,monument_hallucine,,find_else
FRAD084_07FI007_0070.jpg,Avignon,Aucun lieu-dit,Eglise de Avignon,,,monument_hallucine,,find_else
FRAD084_07FI007_0071.jpg,Avignon,Aucun lieu-dit,Aucun monument,,,,,find_else
FRAD084_07FI007_0072_01.jpg,Avignon,Aucun lieu-dit,Palais des Papes,,,,,
FRAD084_07FI007_0073.jpg,Avignon,Aucun lieu-dit,Palais des Papes,,,,,
FRAD084_07FI007_0074_01.jpg,Avignon,Aucun lieu-dit,Palais des Papes,,,,,find_else
FRAD084_07FI007_0075.jpg,Avignon,Aucun lieu-dit,Aucun monument,,,,,find_else
FRAD084_07FI007_0076_01.jpg,Avignon,Aucun lieu-dit,Eglise de Avignon,,,monument_hallucine,,find_else
FRAD084_07FI007_0077_01.jpg,Avignon,Aucun lieu-dit,Eglise de Avignon,,,monument_hallucine,,find_else
FRAD084_07FI007_0078.jpg,Aucune ville,Aucun lieu-dit,Aucun monument,,,,,
FRAD084_07FI007_0079_01.jpg,Aucune ville,Aucun lieu-dit,Palais des Papes,commune_absente,,,,
FRAD084_07FI007_0080.jpg,Avignon,Aucun lieu-dit,Palais des Papes,,,,,
FRAD084_07FI007_0081.jpg,Avignon,Aucun lieu-dit,Palais des Papes,,,,,
FRAD084_07FI007_0082_01.jpg,Avignon,Aucun lieu-dit,Palais des Papes,,,,,
FRAD084_07FI007_0083.jpg,Avignon,Aucun lieu-dit,Palais des Papes,,,,,
FRAD084_07FI007_0084.jpg,Avignon,Aucun lieu-dit,Palais des Papes,,,,,
FRAD084_07FI007_0085.jpg,Avignon,Aucun lieu-dit,palais des Papes et la cathédrale,,,,,
FRAD084_07FI007_0086.jpg,Avignon,Aucun lieu-dit,Palais des Papes,,,,,
FRAD084_07FI007_0087.jpg,Avignon,Aucun lieu-dit,Palais des Papes,,,,,
FRAD084_07FI007_0088_01.jpg,Avignon,Aucun lieu-dit,Palais des Papes et Statue du brave Grillon,,,,,
FRAD084_07FI007_0089.jpg,Avignon,Aucun lieu-dit,Palais des Papes,,,,,
FRAD084_07FI007_0090.jpg,Avignon,Aucun lieu-dit,Palais des Papes et Cathédrale,,,,,
FRAD084_07FI007_0091.jpg,Avignon,Aucun lieu-dit,Palais des Papes,,,,,
FRAD084_07FI007_0092.jpg,Avignon,Aucun lieu-dit,Palais des Papes,,,,,
FRAD084_07FI007_0093.jpg,Avignon,Aucun lieu-dit,Palais des Papes,,,,,
FRAD084_07FI007_0094_01.jpg,Avignon,Aucun lieu-dit,Palais des Papes,,,,,
FRAD084_07FI007_0095_01.jpg,Avignon,Aucun lieu-dit,Palais des Papes et Cathédrale,,,,,
FRAD084_07FI007_0096_01.jpg,Avignon,Aucun lieu-dit,Notre-Dame et le Palais,,,,,
FRAD084_07FI007_0097.jpg,Avignon,Aucun lieu-dit,"Cathédrale Notre-Dame des Doms, Tours Campane et Trouillas du Palais des Papes",,,,,
FRAD084_07FI007_0098.jpg,Avignon,Aucun lieu-dit,N. D. des Doms & la Tour Campane,,,,,
FRAD084_07FI007_0099.jpg,Avignon,Aucun lieu-dit,Notre-Dame des Doms et la Tour Campana,,,,,
FRAD084_07FI007_0100_01.jpg,Avignon,Aucun lieu-dit,Palais des Papes et la Cathédrale,,,,,
FRAD084_07FI007_0101_01.jpg,Avignon,Aucun lieu-dit,N. D. des Doms & Tour Campane,,,,,
FRAD084_07FI007_0102_01.jpg,Avignon,Aucun lieu-dit,Palais des Papes,,,monument_multiple_incomplet,,
FRAD084_07FI007_0103.jpg,Avignon,Aucun lieu-dit,Notre-Dame des Doms (Cathédrale),,,,,
FRAD084_07FI007_0104.jpg,Avignon,Aucun lieu-dit,Palais des Papes et Notre-Dame des Doms,,,,,
FRAD084_07FI007_0105.jpg,Avignon,Aucun lieu-dit,La Cathédrale et Tour du Palais,,,,,
FRAD084_07FI007_0106_01.jpg,Avignon,Aucun lieu-dit,Palais des Papes,,,,,
FRAD084_07FI007_0107.jpg,Avignon,Aucun lieu-dit,Château d'Avignon,,,,,find_else
FRAD084_07FI007_0108_01.jpg,Aucune ville,Aucun lieu-dit,Vaucluse,,,mauvais_monument,,
FRAD084_07FI007_0109_01.jpg,Avignon,Aucun lieu-dit,N.-D. des Doms et la Tour Campane,,,,,
FRAD084_07FI007_0110.jpg,Avignon,Aucun lieu-dit,Palais des Papes,,,,,
FRAD084_07FI007_0111_01.jpg,Avignon,Aucun lieu-dit,Palais des Papes,,,,,
FRAD084_07FI007_0112.jpg,Avignon,Aucun lieu-dit,Palais des Papes,,,,,
FRAD084_07FI007_0113.jpg,Avignon,Aucun lieu-dit,Palais des Papes,,,,,
FRAD084_07FI007_0114.jpg,Avignon,Aucun lieu-dit,Palais des Papes,,,,,
FRAD084_07FI007_0115_01.jpg,Avignon,Aucun lieu-dit,Palais des Papes,,,,,
FRAD084_07FI007_0116.jpg,Avignon,Aucun lieu-dit,Palais des Papes,,,,,
FRAD084_07FI007_0117.jpg,Avignon,Aucun lieu-dit,Palais des Papes,,,,,
FRAD084_07FI007_0118.jpg,Avignon,Aucun lieu-dit,Palais des Papes,,,,,
FRAD084_07FI007_0119.jpg,Avignon,Aucun lieu-dit,Palais des Papes,,,,,
FRAD084_07FI007_0120.jpg,Avignon,Aucun lieu-dit,Château des Papes,,,,,
FRAD084_07FI007_0121_01.jpg,Avignon,Aucun lieu-dit,palais des Papes et la cathédrale,,,,,
FRAD084_07FI007_0122_01.jpg,Avignon,Aucun lieu-dit,Palais des Papes,,,monument_multiple_incomplet,,
FRAD084_07FI007_0123.jpg,Aucune ville,Aucun lieu-dit,Palais des Papes,commune_absente,,,,
FRAD084_07FI007_0124_01.jpg,Avignon,Aucun lieu-dit,Palais des Papes,,,,,
FRAD084_07FI007_0125.jpg,Aucune ville,Aucun lieu-dit,Aucun monument,,,,,
FRAD084_07FI007_0126.jpg,Avignon,Aucun lieu-dit,Château des Papes,,,,,find_else
FRAD084_07FI007_0127.jpg,Avignon,Aucun lieu-dit,Palais des Papes,,,,,
FRAD084_07FI007_0128.jpg,Avignon,Aucun lieu-dit,Pierre de l'Ange,,,monument_hallucine,,find_else
FRAD084_07FI007_0129.jpg,Avignon,Aucun lieu-dit,Palais des Papes,,,,,
FRAD084_07FI007_0130.jpg,Avignon,Aucun lieu-dit,Palais des Papes,,,,,find_else
FRAD084_07FI007_0131.jpg,Avignon,Aucun lieu-dit,Palais des Papes,,,,,
FRAD084_07FI007_0132.jpg,Avignon,Aucun lieu-dit,Palais des Papes,,,,,
FRAD084_07FI007_0133.jpg,Avignon,Aucun lieu-dit,Palais des Papes,,,,,
FRAD084_07FI007_0134_01.jpg,Avignon,Aucun lieu-dit,Palais des Papes,,,,,
FRAD084_07FI007_0135_01.jpg,Avignon,Aucun lieu-dit,Palais des Papes,,,,,
FRAD084_07FI007_0136_01.jpg,Avignon,Aucun lieu-dit,Palais des Papes,,,,,
FRAD084_07FI007_0137.jpg,Avignon,Aucun lieu-dit,Palais des Papes,,,,,
FRAD084_07FI007_0138.jpg,Avignon,Aucun lieu-dit,Palais des Papes,,,,,
FRAD084_07FI007_0139.jpg,Avignon,Aucun lieu-dit,Palais des Papes,,,,,
FRAD084_07FI007_0140.jpg,Avignon,Aucun lieu-dit,Palais des Papes,,,,,
FRAD084_07FI007_0141.jpg,Aucune ville,Aucun lieu-dit,Palais des Papes,commune_absente,,,,
FRAD084_07FI007_0142_01.jpg,Aucune ville,Aucun lieu-dit,Palais des Papes,commune_absente,,,,
FRAD084_07FI007_0143.jpg,Aucune ville,Aucun lieu-dit,Palais des Papes,commune_absente,,,,
FRAD084_07FI007_0144_01.jpg,Aucune ville,Aucun lieu-dit,Cathédrale N. D. des Doms et Palais des Papes,commune_absente,,,,
FRAD084_07FI007_0145.jpg,Aucune ville,Aucun lieu-dit,Palais des Papes,commune_absente,,,,
FRAD084_07FI007_0146.jpg,Avignon,Aucun lieu-dit,Palais des Papes,,,,,find_else
FRAD084_07FI007_0147_01.jpg,Aucune ville,,,,,,,
FRAD084_07FI007_0148.jpg,Avignon,Aucun lieu-dit,Palais des Papes,,,,,
FRAD084_07FI007_0149_01.jpg,Avignon,Aucun lieu-dit,Palais des Papes,,,,,
FRAD084_07FI007_0150.jpg,Aucune ville,Aucun lieu-dit,Aucun monument,,,,,
FRAD084_07FI007_0151_01.jpg,Avignon,Aucun lieu-dit,Palais des Papes,,,,,
FRAD084_07FI007_0152.jpg,Aucune ville,Aucun lieu-dit,Aucun monument,,,,,
FRAD084_07FI007_0153.jpg,Avignon,Aucun lieu-dit,Place du Palais,,lieudit_absent,monument_mauvais_niveau,swap_lieudit_monument,
FRAD084_07FI007_0154_01.jpg,Avignon,Aucun lieu-dit,La Cigogne,,,mauvais_monument,,find_else
FRAD084_07FI007_0155.jpg,Avignon,Aucun lieu-dit,Palais des Papes,,,,,find_else
FRAD084_07FI007_0156.jpg,Avignon,Aucun lieu-dit,Eglise de Avignon,,,monument_hallucine,,find_else
FRAD084_07FI007_0157.jpg,Avignon,Aucun lieu-dit,Palais des Papes,,,,,
FRAD084_07FI007_0158.jpg,Avignon,Aucun lieu-dit,Palais des Papes,,,,,find_else
FRAD084_07FI007_0159.jpg,Avignon,Aucun lieu-dit,Palais des Papes,,,,,find_else
FRAD084_07FI007_0160_01.jpg,Avignon,Aucun lieu-dit,Palais des Papes,,,,,find_else
FRAD084_07FI007_0161.jpg,Avignon,Aucun lieu-dit,Palais des Papes,,,,,
FRAD084_07FI007_0162.jpg,Avignon,Aucun lieu-dit,Palais des Papes,,,,,
FRAD084_07FI007_0163.jpg,Avignon,Aucun lieu-dit,Palais des Papes,,,,,
FRAD084_07FI007_0164.jpg,Avignon,Aucun lieu-dit,Palais des Papes,,,,,
FRAD084_07FI007_0165.jpg,Aucune ville,Aucun lieu-dit,Aucun monument,,,,,
FRAD084_07FI007_0166.jpg,Avignon,Aucun lieu-dit,Palais des Papes,,,,,
FRAD084_07FI007_0167.jpg,Avignon,Aucun lieu-dit,Palais des Papes,,,,,
FRAD084_07FI007_0168.jpg,Avignon,Aucun lieu-dit,Palais des Papes,,,,,
FRAD084_07FI007_0169.jpg,Avignon,Aucun lieu-dit,Palais des Papes,,,,,
FRAD084_07FI007_0170.jpg,Avignon,Aucun lieu-dit,Clocher St-Pierre et Palais des Papes,,,,,
FRAD084_07FI007_0171.jpg,Avignon,Aucun lieu-dit,Palais des Papes,,,,,
FRAD084_07FI007_0172_01.jpg,Avignon,Aucun lieu-dit,Palais des Papes,,,,,
FRAD084_07FI007_0173_01.jpg,Avignon,Aucun lieu-dit,Palais des Papes,,,,,
FRAD084_07FI007_0174.jpg,Avignon,Aucun lieu-dit,Palais des Papes,,,,,
FRAD084_07FI007_0175_01.jpg,Avignon,Aucun lieu-dit,Palais des Papes,,,,,
FRAD084_07FI007_0176_01.jpg,Avignon,Aucun lieu-dit,Palais des Papes,,,,,
FRAD084_07FI007_0177.jpg,Avignon,Aucun lieu-dit,Palais des Papes,,,,,
FRAD084_07FI007_0178.jpg,Avignon,Aucun lieu-dit,Palais des Papes,,,,,
FRAD084_07FI007_0179.jpg,Avignon,Aucun lieu-dit,Palais des Papes,,,,,
FRAD084_07FI007_0180.jpg,Avignon,Aucun lieu-dit,Palais des Papes,,,,,
FRAD084_07FI007_0181.jpg,Avignon,Aucun lieu-dit,Palais des Papes,,,,,
FRAD084_07FI007_0182.jpg,Avignon,Aucun lieu-dit,Palais des Papes,,,,,
FRAD084_07FI007_0183.jpg,Avignon,Aucun lieu-dit,Palais des Papes,,,,,
FRAD084_07FI007_0184.jpg,Avignon,Aucun lieu-dit,Palais des Papes,,,,,
FRAD084_07FI007_0185_01.jpg,Avignon,Aucun lieu-dit,Monument du Centenaire,,,monument_multiple_incomplet,,
FRAD084_07FI007_0186_01.jpg,Avignon,Aucun lieu-dit,Palais des Papes,,,,,
FRAD084_07FI007_0187.jpg,Avignon,Aucun lieu-dit,Palais des Papes,,,,,
FRAD084_07FI007_0188.jpg,Avignon,Aucun lieu-dit,Palais des Papes,,,,,
FRAD084_07FI007_0189.jpg,Avignon,Aucun lieu-dit,Palais des Papes,,,,,
FRAD084_07FI007_0190_01.jpg,Avignon,Aucun lieu-dit,Palais des Papes,,,,,
FRAD084_07FI007_0191.jpg,Avignon,Aucun lieu-dit,Hôtel de Ville,,,mauvais_monument,,
FRAD084_07FI007_0192.jpg,Avignon,Aucun lieu-dit,Palais des Papes,,,,,
FRAD084_07FI007_0193_01.jpg,Avignon,Aucun lieu-dit,Palais des Pape et Cathédrale,,,,,
FRAD084_07FI007_0194.jpg,Avignon,Aucun lieu-dit,Palais des Papes,,,,,
FRAD084_07FI007_0195.jpg,Avignon,Aucun lieu-dit,BANQUE DE FRANCE,,,monument_multiple_incomplet,,find_else
FRAD084_07FI007_0196_01.jpg,Avignon,Aucun lieu-dit,Palais des Papes,,,,,find_else
FRAD084_07FI007_0197_01.jpg,Avignon,Aucun lieu-dit,Palais des Papes et Banque de France,,,,,
FRAD084_07FI007_0198.jpg,Avignon,Aucun lieu-dit,Eglise de Avignon,,,monument_hallucine,,find_else
FRAD084_07FI007_0199.jpg,Avignon,Aucun lieu-dit,La Cathédrale et la Tour Campana,,,,,
FRAD084_07FI007_0200_01.jpg,Avignon,Aucun lieu-dit,Palais des Papes,,,,,
FRAD084_07FI007_0201.jpg,Avignon,Aucun lieu-dit,Tour de Trouillas,,,,,
FRAD084_07FI007_0202.jpg,Aucune ville,Aucun lieu-dit,Aucun monument,,,,,
FRAD084_07FI007_0203.jpg,Avignon,Chemin de Ronde,Palais des Papes,,,,,
FRAD084_07FI007_0204_01.jpg,Avignon,Rue Peyrolierie,Palais des Papes,,,,,
FRAD084_07FI007_0205.jpg,Avignon,Aucun lieu-dit,Palais des Papes,,,,,
FRAD084_07FI007_0206.jpg,Avignon,Aucun lieu-dit,Château des Papes,,,,,
FRAD084_07FI007_0207.jpg,Avignon,Aucun lieu-dit,Palais des Papes,,,,,
FRAD084_07FI007_0208.jpg,Avignon,Aucun lieu-dit,Palais des Papes,,,,,
FRAD084_07FI007_0209.jpg,Avignon,Aucun lieu-dit,Palais des Papes,,,,,
FRAD084_07FI007_0210.jpg,Avignon,Aucun lieu-dit,Palais des Papes,,,,,
FRAD084_07FI007_0211.jpg,Avignon,Aucun lieu-dit,Palais des Papes,,,,,
FRAD084_7FI_005_0001.jpg,Aucune ville,Lom,Aucun monument,,lieudit_hallucine,,cas_ambigu,
FRAD084_07FI138_0007.jpg,Valréas,Aucun lieu-dit,Eglise de Valréas,,,,,
FRAD084_07FI138_0008_01.jpg,Valréas,Aucun lieu-dit,La Tour de l'Horloge,,,,,
FRAD084_07FI138_0009_01.jpg,Valréas,Pied Vaurias,Chapelle dédiée à N. D. de Laurette,,,,,
FRAD084_07FI138_0010_01.jpg,Valréas,Cours du Berteuil,Les Halles,,,,,
FRAD084_07FI138_0011_01.jpg,Valréas,Aucun lieu-dit,Arc de l'Hôtel de Simians,,,,,
FRAD084_07FI138_0012_01.jpg,Valréas,Avenue des Capucins,Aucun monument,,,,,
FRAD084_07FI138_0013_01.jpg,Valréas,Aucun lieu-dit,Aucun monument,,lieudit_absent,,,
FRAD084_07FI138_0014_01.jpg,Valréas,Aucun lieu-dit,Aucun monument,,,,,
FRAD084_07FI138_0015_01.jpg,,Aucun lieu-dit,Martyrs de la Résistance,,,mauvais_monument,,
FRAD084_07FI138_0016.jpg,Valréas,Aucun lieu-dit,Aucun monument,,,,,
FRAD084_07FI138_0019_01.jpg,Valréas,Aucun lieu-dit,SAGESSE DE SIMIANE,,,mauvais_monument,,
FRAD084_07FI138_0020_01.jpg,Valréas,Aucun lieu-dit,Église,,,,,
FRAD084_07FI139_0001.jpg,Fontaine-de-Vaucluse,Aucun lieu-dit,Aucun monument,,,,,
FRAD084_07FI139_0002.jpg,Vaucluse,Aucun lieu-dit,Aucun monument,,,,,
FRAD084_07FI139_0003.jpg,,Aucun lieu-dit,Aucun monument,commune_absente,,,,
FRAD084_07FI139_0004.jpg,Fontaine-de-Vaucluse,Aucun lieu-dit,Aucun monument,,,,,
FRAD084_07FI139_0005.jpg,Fontaine-de-Vaucluse,Aucun lieu-dit,Aucun monument,,,,,
FRAD084_07FI139_0006.jpg,Sorgues,Aucun lieu-dit,Aucun monument,mauvaise_commune,,,,
FRAD084_07FI139_0007.jpg,Fontaine-de-Vaucluse,Aucun lieu-dit,Le Vieux Château de Pétrarque,,,,,
FRAD084_07FI139_0008.jpg,,Fontaine-de-Vaucluse,Château de Pétrarque,commune_absente,mauvais_lieudit,,swap_commune_lieudit,
FRAD084_07FI139_0009.jpg,Fontaine-de-Vaucluse,Aucun lieu-dit,Château de Pétrarque et des Evêques,,,,,
FRAD084_07FI139_0010_01.jpg,,Aucun lieu-dit,Aucun monument,,,,,
FRAD084_07FI139_0011_01.jpg,Fontaine-de-Vaucluse,Aucun lieu-dit,Château de Pétrarque,,,,,
FRAD084_07FI139_0012.jpg,Fontaine-de-Vaucluse,Aucun lieu-dit,Château de Pétrarque,,,,,
FRAD084_07FI139_0013.jpg,Vaucluse,Le Château,Le Château,,lieudit_mauvais_niveau,,swap_lieudit_monument,
FRAD084_07FI139_0014.jpg,Fontaine-de-Vaucluse,Aucun lieu-dit,L'Eglise,,,,,
FRAD084_07FI139_0015.jpg,Fontaine-de-Vaucluse,Aucun lieu-dit,Tombeau de l'évêque Saint-Veran,,,,cas_ambigu,
FRAD084_07FI139_0016.jpg,Vaucluse,La Place,Aucun monument,,,,,
FRAD084_07FI139_0017.jpg,Fontaine-de-Vaucluse,Aucun lieu-dit,Place publique,,lieudit_absent,monument_mauvais_niveau,swap_lieudit_monument,
FRAD084_07FI139_0018.jpg,,Aucun lieu-dit,Colonne de Pétrarque,commune_absente,,,,
FRAD084_07FI139_0019.jpg,Fontaine-de-Vaucluse,Aucun lieu-dit,Fontaine de Vaucluse « Le Lac »,,,,,
FRAD084_07FI139_0020.jpg,Fontaine-de-Vaucluse,Square du Jardin de Pétrarque,Aucun monument,,,,,
FRAD084_07FI139_0021_01.jpg,Vaucluse,Place,Aucun monument,,,,,
FRAD084_07FI139_0022.jpg,Fontaine-de-Vaucluse,Aucun lieu-dit,Aucun monument,,,,,
FRAD084_07FI139_0023.jpg,Isle-sur-la-Sorgue,Aucun lieu-dit,Aucun monument,mauvaise_commune,,,swap_commune_lieudit,
FRAD084_07FI139_0024.jpg,Fontaine-de-Vaucluse,Aucun lieu-dit,Aucun monument,,,,,
FRAD084_07FI139_0025.jpg,Fontaine-de-Vaucluse,Le Sentier,Aucun monument,,,,,
FRAD084_07FI139_0026.jpg,Fontaine-de-Vaucluse,Aucun lieu-dit,Château de Pétrarque,,,,,
FRAD084_07FI139_0027.jpg,Fontaine-de-Vaucluse,Aucun lieu-dit,Barrage de la Sorgue,,,,,
FRAD084_07FI139_0028.jpg,Fontaine-de-Vaucluse,Aucun lieu-dit,Aucun monument,,,,,
FRAD084_07FI139_0029.jpg,Fontaine-de-Vaucluse,Aucun lieu-dit,Pont de Gallas,,,,,
FRAD084_07FI139_0030.jpg,Fontaine-de-Vaucluse,Aucun lieu-dit,l'aqueduc gallas,,,,,
FRAD084_07FI139_0031.jpg,Fontaine-de-Vaucluse,Aucun lieu-dit,L'Aqueduc de Gallas,,,,,
FRAD084_07FI139_0032.jpg,,Aucun lieu-dit,L'Aqueduc,,,,,
FRAD084_07FI139_0033_01.jpg,Fontaine-de-Vaucluse,Aucun lieu-dit,Eglise de Fontaine-de-Vaucluse,,,monument_hallucine,,
FRAD084_07FI139_0034.jpg,Carpentras,Aucun lieu-dit,Pétrarque,mauvaise_commune,,mauvais_monument,cas_ambigu,
FRAD084_07FI139_0035.jpg,Carpentras,Aucun lieu-dit,Laure,,,,cas_ambigu,
FRAD084_07FI139_0036.jpg,Fontaine-de-Vaucluse,Aucun lieu-dit,Fontaine de Vaucluse,,,monument_mauvais_niveau,,
FRAD084_07FI139_0037_01.jpg,Fontaine-de-Vaucluse,Aucun lieu-dit,Fontaine de Vaucluse,,,monument_mauvais_niveau,,
FRAD084_07FI139_0038.jpg,Fontaine-de-Vaucluse,Aucun lieu-dit,Le Gouffre,,,,,
FRAD084_07FI139_0039.jpg,Fontaine-de-Vaucluse,Aucun lieu-dit,Fontaine de Vaucluse,,,monument_mauvais_niveau,,
FRAD084_07FI139_0040.jpg,Fontaine-de-Vaucluse,Aucun lieu-dit,Aucun monument,,,,,
FRAD084_07FI139_0041_01.jpg,Sorgues,Aucun lieu-dit,Aucun monument,mauvaise_commune,,,,
FRAD084_07FI139_0042.jpg,Fontaine-de-Vaucluse,Aucun lieu-dit,Le Lac,,,,,
FRAD084_07FI139_0043_01.jpg,Carpentras,Aucun lieu-dit,Le Gouffre (Source basse),,,,,
FRAD084_07FI139_0044_01.jpg,Fontaine-de-Vaucluse,Aucun lieu-dit,Le Gouffre,,,,,
FRAD084_07FI139_0045.jpg,Fontaine-de-Vaucluse,Aucun lieu-dit,Fontaine de Vaucluse,,,mauvais_monument,,
FRAD084_07FI139_0046.jpg,Fontaine-de-Vaucluse,Aucun lieu-dit,Source de la Fontaine,,,,,
FRAD084_07FI139_0047_01.jpg,Fontaine-de-Vaucluse,Aucun lieu-dit,Fontaine de Vaucluse,,,mauvais_monument,,
FRAD084_07FI139_0048.jpg,Fontaine-de-Vaucluse,Aucun lieu-dit,Sortie des Eaux de la Fontaine,,,,,
FRAD084_07FI139_0049.jpg,,Aucun lieu-dit,Aucun monument,,,,,
FRAD084_07FI139_0050.jpg,Fontaine-de-Vaucluse,Les Roches,Aucun monument,,,,,
FRAD084_07FI139_0051.jpg,Fontaine-de-Vaucluse,Aucun lieu-dit,La Grande Cascade,,,,,
FRAD084_07FI139_0052_01.jpg,Fontaine-de-Vaucluse,Les Roches,Aucun monument,,,,,
FRAD084_07FI139_0053.jpg,,Les Grandes Cascades,Aucun monument,commune_absente,,,,
FRAD084_07FI139_0054.jpg,Fontaine-de-Vaucluse,Aucun lieu-dit,Les Grandes Cascades,,,,,
FRAD084_07FI139_0055_01.jpg,Fontaine-de-Vaucluse,Les Cascades,Les Cascades,,,,,
FRAD084_07FI139_0056.jpg,Fontaine-de-Vaucluse,Aucun lieu-dit,La Fontaine,,,,,
FRAD084_07FI139_0057_01.jpg,Fontaine-de-Vaucluse,Aucun lieu-dit,Naissance de la Source Haute,,,,,
FRAD084_07FI139_0058.jpg,Fontaine-de-Vaucluse,Aucun lieu-dit,La Cascade,,,,,
FRAD084_07FI139_0059_01.jpg,Vaucluse,La Cascade,La Cascade,,,,,
FRAD084_07FI139_0060.jpg,Carpentras,Aucun lieu-dit,La Cascade,mauvaise_commune,,,,
FRAD084_07FI139_0061.jpg,Vaucluse,La Source (haute),Aucun monument,,,,,
FRAD084_07FI139_0062.jpg,Fontaine-de-Vaucluse,Aucun lieu-dit,Aucun monument,,,,,
FRAD084_07FI139_0063.jpg,Fontaine-de-Vaucluse,Aucun lieu-dit,Aucun monument,,,,,
FRAD084_07FI139_0064_01.jpg,Vaucluse,Aucun lieu-dit,Aucun monument,,,,,
FRAD084_07FI139_0065_01.jpg,Vaucluse,Aucun lieu-dit,Aucun monument,,,,,
FRAD084_07FI139_0066_01.jpg,Vaucluse,Aucun lieu-dit,La Grande Cascade,,,,,
FRAD084_07FI139_0067_01.jpg,Fontaine-de-Vaucluse,La Fontaine,Aucun monument,,,,,
FRAD084_07FI139_0068.jpg,Fontaine-de-Vaucluse,Aucun lieu-dit,Le Premier Barrage,,,,,
FRAD084_07FI139_0069.jpg,Fontaine-de-Vaucluse,Aucun lieu-dit,Aucun monument,,,,,
FRAD084_07FI139_0070.jpg,Isle-sur-la-Sorgue,Aucun lieu-dit,Fontaine-de-Vaucluse,mauvaise_commune,,mauvais_monument,swap_commune_monument,
FRAD084_07FI139_0071.jpg,Carpentras,Aucun lieu-dit,La grande Cascade,mauvaise_commune,,,,
FRAD084_07FI139_0072.jpg,Fontaine-de-Vaucluse,Aucun lieu-dit,Aucun monument,,,,,
FRAD084_07FI139_0073.jpg,Carpentras,Aucun lieu-dit,Fontaine de Vaucluse,mauvaise_commune,,,swap_commune_monument,
FRAD084_07FI139_0074_01.jpg,Fontaine-de-Vaucluse,Aucun lieu-dit,Aucun monument,,,,,
FRAD084_07FI139_0075.jpg,Fontaine-de-Vaucluse,La Vallée,Aucun monument,,,,,
FRAD084_07FI139_0076_01.jpg,Fontaine-de-Vaucluse,Aucun lieu-dit,Le Grand Déversoir,,,,,
FRAD084_07FI139_0077.jpg,Fontaine-de-Vaucluse,Aucun lieu-dit,Aucun monument,,,,,
FRAD084_07FI139_0078.jpg,Fontaine-de-Vaucluse,Le Lac,Aucun monument,,,,,
FRAD084_07FI139_0079_01.jpg,Fontaine-de-Vaucluse,Aucun lieu-dit,La Source Haute,,,,,
FRAD084_07FI139_0080_01.jpg,Fontaine-de-Vaucluse,Les Cascades,Aucun monument,,,,,
FRAD084_07FI139_0081_01.jpg,,Aucun lieu-dit,Aucun monument,,,,,
FRAD084_07FI139_0082.jpg,Fontaine-de-Vaucluse,La Beaume,Le Château de La Beaume,,,,,
FRAD084_07FI139_0083.jpg,Fontaine-de-Vaucluse,Le Ravin,Aucun monument,,,,,
FRAD084_07FI139_0084.jpg,Carpentras,Aucun lieu-dit,Le Pain de Sucre,mauvaise_commune,,,,
FRAD084_07FI139_0085.jpg,Fontaine-de-Vaucluse,Aucun lieu-dit,Aucun monument,,lieudit_absent,,,
FRAD084_07FI139_0086.jpg,Fontaine-de-Vaucluse,Aucun lieu-dit,Le Pain de Sucre,,,,,
FRAD084_07FI139_0087_01.jpg,Fontaine-de-Vaucluse,Vanelux,Le Pain de Sucre,,mauvais_lieudit,,,
FRAD084_07FI139_0088.jpg,Fontaine-de-Vaucluse,Aucun lieu-dit,Aucun monument,,lieudit_absent,,,
FRAD084_07FI139_0089_01.jpg,Fontaine-de-Vaucluse,Aucun lieu-dit,L'Aiguille,,,,,
FRAD084_07FI139_0090.jpg,Fontaine-de-Vaucluse,L'Aiguille,Aucun monument,,,,,
FRAD084_07FI139_0091_01.jpg,Carpentras,L'Aiguille,Aucun monument,,,,,
FRAD084_07FI139_0092.jpg,Fontaine-de-Vaucluse,Aucun lieu-dit,Aucun monument,,lieudit_absent,,,
FRAD084_07FI139_0093.jpg,,Aucun lieu-dit,Aucun monument,,,,,
FRAD084_07FI139_0094.jpg,Fontaine-de-Vaucluse,Aucun lieu-dit,Aucun monument,,lieudit_absent,,,
FRAD084_07FI139_0095.jpg,Fontaine-de-Vaucluse,Aucun lieu-dit,Aucun monument,,,,,
FRAD084_07FI139_0096.jpg,Fontaine-de-Vaucluse,Aucun lieu-dit,Ruines du Château,,,,,
FRAD084_07FI139_0097.jpg,Fontaine-de-Vaucluse,La Poterne,Château de Pélarque,,,,,
FRAD084_07FI139_0098.jpg,Fontaine-de-Vaucluse,Aucun lieu-dit,Habitations de Troglodytes modernes,,,,,
FRAD084_07FI139_0099.jpg,Fontaine-de-Vaucluse,Aucun lieu-dit,Le viaduc,,,,,
FRAD084_07FI139_0100.jpg,Fontaine-de-Vaucluse,La Vallée,Aucun monument,,,,,
FRAD084_07FI139_0101.jpg,Carpentras,Aucun lieu-dit,Fontaine de Vaucluse,mauvaise_commune,,mauvais_monument,swap_commune_monument,
FRAD084_07FI139_0102.jpg,,Aucun lieu-dit,Aucun monument,,,,,
FRAD084_07FI139_0103_01.jpg,Fontaine-de-Vaucluse,Aucun lieu-dit,Les Cascades,,,,,
FRAD084_07FI139_0104.jpg,Vaucluse,La Cascade,La Cascade,,,,,
FRAD084_07FI139_0105_01.jpg,Fontaine-de-Vaucluse,Aucun lieu-dit,Les Cascades,,,,,
FRAD084_07FI139_0106.jpg,Fontaine-de-Vaucluse,La Source Haute,Aucun monument,,,,,
FRAD084_07FI139_0107_01.jpg,Fontaine-de-Vaucluse,Aucun lieu-dit,Château de Pétrarque,,,,,
FRAD084_07FI139_0108_01.jpg,Fontaine-de-Vaucluse,Aucun lieu-dit,Château de Pétrarque,,,,,
FRAD084_07FI139_0109.jpg,Fontaine-de-Vaucluse,Aucun lieu-dit,Le Figuier Séculaire dans l'eau,,,,,
FRAD084_07FI139_0110_01.jpg,Fontaine-de-Vaucluse,Aucun lieu-dit,Aucun monument,,,,,
FRAD084_07FI139_0111_01.jpg,,Aucun lieu-dit,Aucun monument,,,,,
FRAD084_07FI139_0112_01.jpg,,Aucun lieu-dit,Aucun monument,,,,,
FRAD084_07FI139_0113_01.jpg,Fontaine-de-Vaucluse,Aucun lieu-dit,Aucun monument,,,,,
FRAD084_07FI139_0114.jpg,Sorgues,Hostellerie Pétrarque et Laure,Aucun monument,mauvaise_commune,lieudit_mauvais_niveau,,swap_commune_lieudit,
FRAD084_07FI139_0115_01.jpg,Fontaine-de-Vaucluse,Aucun lieu-dit,Château de Pétrarque,,,,,
FRAD084_07FI139_0116_01.jpg,Fontaine-de-Vaucluse,Aucun lieu-dit,L'Eglise,,,,,
FRAD084_07FI139_0117_01.jpg,,Aucun lieu-dit,Aucun monument,,,,,
FRAD084_07FI139_0118_01.jpg,Fontaine-de-Vaucluse,Aucun lieu-dit,La Sortie du Gouffre,,,,,
FRAD084_07FI139_0119.jpg,,Aucun lieu-dit,Aucun monument,,,,,
FRAD084_07FI139_0120_01.jpg,Fontaine-de-Vaucluse,Aucun lieu-dit,Pétrarque,,,,,
FRAD084_07FI139_0121_01.jpg,Fontaine-de-Vaucluse,Aucun lieu-dit,Aucun monument,,,,,
FRAD084_07FI139_0122_01.jpg,Fontaine-de-Vaucluse,Aucun lieu-dit,L'Aqueduc,,,,,
FRAD084_07FI139_0123.jpg,Fontaine-de-Vaucluse,Aucun lieu-dit,Aucun monument,,,,,
FRAD084_07FI139_0124.jpg,,Aucun lieu-dit,Aucun monument,,,,,
FRAD084_07FI139_0125.jpg,Fontaine-de-Vaucluse,Aucun lieu-dit,Château de Pétrarque,,,,,
FRAD084_07FI139_0126_01.jpg,Fontaine-de-Vaucluse,Aucun lieu-dit,Château de Pétrarque,,,,,
FRAD084_07FI139_0127.jpg,Fontaine-de-Vaucluse,Aucun lieu-dit,Les Roches Argentées,,,,,
FRAD084_07FI139_0128.jpg,Isle-sur-la-Sorgue,Aucun lieu-dit,Fontaine-de-Vaucluse,mauvaise_commune,,mauvais_monument,swap_commune_monument,
FRAD084_07FI139_0129.jpg,,Aucun lieu-dit,Aucun monument,,,,,
FRAD084_07FI139_0130_01.jpg,,Aucun lieu-dit,Aucun monument,,,,,
FRAD084_07FI139_0131.jpg,Fontaine-de-Vaucluse,Aucun lieu-dit,La Source et les Cascades,,,,,
FRAD084_07FI139_0132.jpg,Fontaine-de-Vaucluse,Aucun lieu-dit,Les Cascades,,,,,
FRAD084_07FI139_0133.jpg,Fontaine-de-Vaucluse,Aucun lieu-dit,Les Grandes Cascades,,,,,
FRAD084_07FI139_0134_01.jpg,Fontaine-de-Vaucluse,Aucun lieu-dit,La Sortie du Gouffre,,,,,
FRAD084_07FI139_0135.jpg,,Aucun lieu-dit,Aucun monument,,,,,
FRAD084_07FI139_0136.jpg,Fontaine-de-Vaucluse,Aucun lieu-dit,Aucun monument,,,,,
FRAD084_07FI139_0137_01.jpg,Fontaine-de-Vaucluse,Aucun lieu-dit,Aucun monument,,,,,
FRAD084_07FI139_0138.jpg,Fontaine-de-Vaucluse,Aucun lieu-dit,Habitation de Troglodytes modernes,,,,,
FRAD084_07FI139_0139.jpg,Fontaine-de-Vaucluse,Aucun lieu-dit,Château de Pétrarque,,,,,
FRAD084_07FI139_0140_01.jpg,,La Fontaine,Aucun monument,,,,cas_ambigu,
FRAD084_07FI139_0141_01.jpg,Fontaine-de-Vaucluse,Aucun lieu-dit,Usine de Tapis FOURMOND Frères,,,,,
FRAD084_07FI139_0142.jpg,Fontaine-de-Vaucluse,Aucun lieu-dit,La Grande Chute,,,,,
FRAD084_07FI139_0143_01.jpg,Vaucluse,Aucun lieu-dit,Aucun monument,,,,,
FRAD084_07FI139_0144_01.jpg,Fontaine-de-Vaucluse,Aucun lieu-dit,Aucun monument,,lieudit_absent,,,
FRAD084_07FI139_0145_01.jpg,Fontaine-de-Vaucluse,Aucun lieu-dit,Aucun monument,,,,,
FRAD084_07FI139_0146_01.jpg,Fontaine-de-Vaucluse,Aucun lieu-dit,Le Gouffre,,,,,
FRAD084_07FI139_0147_01.jpg,Fontaine-de-Vaucluse,Aucun lieu-dit,Aucun monument,,,,,
FRAD084_07FI139_0148.jpg,Fontaine-de-Vaucluse,Aucun lieu-dit,Le Chaudron,,,,,
FRAD084_07FI139_0149_01.jpg,Fontaine-de-Vaucluse,Aucun lieu-dit,Maison et Jardin de Pétraque,,,,,
FRAD084_07FI139_0150_01.jpg,Fontaine-de-Vaucluse,Aucun lieu-dit,L'Obélisque,,,,,
FRAD084_07FI139_0151.jpg,Vaucluse,Aucun lieu-dit,Colonne de Pétrarque,,,,,
FRAD084_07FI139_0152.jpg,Carpentras,Aucun lieu-dit,Aqueduc de Gallas,,,,,
FRAD084_07FI139_0153_01.jpg,Fontaine-de-Vaucluse,Aucun lieu-dit,Aucun monument,,,,,
FRAD084_07FI139_0154_01.jpg,Fontaine-de-Vaucluse,Aucun lieu-dit,Aucun monument,,,,,
FRAD084_07FI140_0001.jpg,Vaugines,Quartier de l'Église,Eglise de Vaugines,,,,,find_else
FRAD084_07FI143_0001.jpg,,Aucun lieu-dit,Aucun monument,,,,,
FRAD084_07FI143_0002_01.jpg,Venasque,Aucun lieu-dit,Le Baptistère,,,,,
FRAD084_07FI143_0003.jpg,Venasque,Aucun lieu-dit,Aucun monument,,,,,
FRAD084_07FI143_0004.jpg,Venasque,Le Jas,Aucun monument,,,,,
FRAD084_07FI143_0005.jpg,Venasque,L'Ascle,Aucun monument,,,,,
FRAD084_07FI143_0006.jpg,Venasque,Aucun lieu-dit,Les Tours Sarrazines,,,,,
FRAD084_07FI143_0007.jpg,Venasque,Aucun lieu-dit,Baptistère Gallo-Romain,,,,,
FRAD084_07FI143_0008_01.jpg,Venasque,Aucun lieu-dit,Les Tours Sarrasines,,,,,
FRAD084_07FI143_0009_01.jpg,Venasque,Aucun lieu-dit,Le Calvaire,,,,,
FRAD084_07FI144_0001.jpg,,Aucun lieu-dit,Aucun monument,,,,,
FRAD084_07FI144_0002_01.jpg,,Aucun lieu-dit,Aucun monument,,,,,
FRAD084_07FI144_0006.jpg,Viens,Aucun lieu-dit,Château et Tour Sarrazine,,,,,
FRAD084_07FI145_0001.jpg,,Aucun lieu-dit,Eglise de None,,,monument_hallucine,,find_else
FRAD084_07FI148_0001_01.jpg,Villes-sur-Auzon,Aucun lieu-dit,Aucun monument,,,,,
FRAD084_07FI148_0002_01.jpg,Villes-sur-Auzon,Avenue de Carpentras,Aucun monument,,,,,
FRAD084_07FI148_0003.jpg,Villes,Aucun lieu-dit,Aucun monument,,lieudit_absent,,,
FRAD084_07FI150_0001_01.jpg,Visan,N.-D. des Vignes,N.-D. des Vignes,,lieudit_mauvais_niveau,,swap_lieudit_monument,
FRAD084_07FI150_0002.jpg,Visan,Rue Calade,Aucun monument,,,,,
FRAD084_07FI150_0003_01.jpg,Visan,Place du Jeu de Paume,Place du Jeu de Paume,,,monument_mauvais_niveau,swap_lieudit_monument,
FRAD084_07FI152_0001.jpg,Mont Ventoux,Sainte-Colombe,L'Observatoire,,mauvais_lieudit,mauvais_monument,,
FRAD084_07FI152_0002.jpg,Carpentras,Aucun lieu-dit,Mont Ventoux,mauvaise_commune,,,,
FRAD084_07FI152_0003.jpg,Carpentras,Aucun lieu-dit,Eglise de Carpentras,mauvaise_commune,,mauvais_monument,,
FRAD084_07FI152_0004.jpg,Mont Ventoux,Aucun lieu-dit,Col des Tempêtes,,,,swap_lieudit_monument,
FRAD084_07FI152_0005.jpg,Mont Ventoux,Sainte-Colombe,Observatoire,,,mauvais_monument,,
FRAD084_07FI152_0006.jpg,Carpentras,Le Jas,Aucun monument,mauvaise_commune,,,,
FRAD084_07FI152_0007.jpg,Mont Ventoux,Aucun lieu-dit,Aucun monument,,,,,
FRAD084_07FI152_0008.jpg,Mont Ventoux,Mont Serein,Aucun monument,,,,,
FRAD084_07FI152_0009.jpg,Mont Ventoux,S'-Estève,Aucun monument,,,,,
FRAD084_07FI152_0010.jpg,Mont Ventoux,Aucun lieu-dit,Aucun monument,,,,,
FRAD084_07FI152_0011.jpg,Mont Ventoux,Font-Fiole,Aucun monument,,,,,
FRAD084_07FI152_0012.jpg,Avignon,Aucun lieu-dit,Aucun monument,mauvaise_commune,,,,
FRAD084_07FI152_0013.jpg,Avignon,Aucun lieu-dit,Aucun monument,mauvaise_commune,,,,
FRAD084_07FI152_0014.jpg,Avignon,Aucun lieu-dit,Aucun monument,mauvaise_commune,,,,
FRAD084_07FI152_0015.jpg,Avignon,Aucun lieu-dit,Aucun monument,mauvaise_commune,,,,
FRAD084_07FI152_0016.jpg,Avignon,Aucun lieu-dit,Aucun monument,mauvaise_commune,,,,
FRAD084_07FI152_0017.jpg,Avignon,Aucun lieu-dit,Aucun monument,mauvaise_commune,,,,
FRAD084_07FI152_0018.jpg,Mont Ventoux,Aucun lieu-dit,Aucun monument,mauvaise_commune,,,,
FRAD084_07FI152_0019.jpg,Avignon,Bartesago,Aucun monument,mauvaise_commune,mauvais_lieudit,,,
FRAD084_07FI152_0020.jpg,Avignon,Aucun lieu-dit,Aucun monument,mauvaise_commune,,,,
FRAD084_07FI152_0021.jpg,Avignon,Aucun lieu-dit,Aucun monument,mauvaise_commune,,,,
FRAD084_07FI152_0022.jpg,Mont Ventoux,Aucun lieu-dit,Aucun monument,,,,,
FRAD084_07FI152_0023.jpg,,Aucun lieu-dit,Aucun monument,,,,,
FRAD084_07FI152_0024_01.jpg,Mont Ventoux,Sainte-Colombe,L'Observatoire,,,mauvais_monument,,
FRAD084_07FI152_0025.jpg,Carpentras,Aucun lieu-dit,Mont Ventoux,mauvaise_commune,,mauvais_monument,swap_commune_monument,
FRAD084_07FI152_0026.jpg,Carpentras,Aucun lieu-dit,Mont Ventoux,mauvaise_commune,,mauvais_monument,swap_commune_monument,
FRAD084_07FI152_0027.jpg,Mont Ventoux,Aucun lieu-dit,Aucun monument,,,,,
FRAD084_07FI152_0028.jpg,Mont Ventoux,Saint-Pierre-de-Vassols,Aucun monument,,mauvais_lieudit,,,
FRAD084_07FI152_0029.jpg,Bédoin,Aucun lieu-dit,Aucun monument,,,,,
FRAD084_07FI152_0030.jpg,Mont Ventoux,Font-Fiolle,Aucun monument,,,,,
FRAD084_07FI152_0031.jpg,Mont Ventoux,Aucun lieu-dit,Col des Tempêtes,,,,,
FRAD084_07FI152_0032.jpg,Mont Ventoux,Aucun lieu-dit,Col des Tempêtes,,,,,
FRAD084_07FI152_0033.jpg,Mont Ventoux,Font-Fiolle,Aucun monument,,,,,
FRAD084_07FI152_0034.jpg,Carpentras,Aucun lieu-dit,Mont Ventoux,mauvaise_commune,,mauvais_monument,swap_commune_monument,
FRAD084_07FI152_0035.jpg,Mont Ventoux,Aucun lieu-dit,Aucun monument,,,,,
FRAD084_07FI152_0036.jpg,Mont Ventoux,Aucun lieu-dit,Aucun monument,,,,,
FRAD084_07FI152_0037.jpg,Mont Ventoux,Aucun lieu-dit,Terrasse des Instruments,,,,,
FRAD084_07FI152_0038.jpg,Mont Ventoux,Aucun lieu-dit,Le Col des Tempêtes et l'Observatoire,,,,,
FRAD084_07FI152_0039.jpg,Mont Ventoux,Aucun lieu-dit,Observatoire de Mont Ventoux,,,,,
FRAD084_07FI152_0040.jpg,Carpentras,Aucun lieu-dit,Mont Ventoux,,,,cas_ambigu,
FRAD084_07FI152_0041.jpg,,Aucun lieu-dit,Aucun monument,,,,,
FRAD084_07FI152_0042.jpg,,Aucun lieu-dit,Aucun monument,,,,,
FRAD084_07FI152_0043.jpg,Mont Ventoux,Aucun lieu-dit,Refuge des Sports d'hiver,,,,,
FRAD084_07FI152_0044.jpg,Mont Ventoux,Aucun lieu-dit,"L'Hôtel, les Ecuries et l'Observatoire",,,,,
FRAD084_07FI152_0045.jpg,Mont Ventoux,La Chapelle,Paratonnerres de la Sainte-Croix,,lieudit_mauvais_niveau,monument_multiple_incomplet,,
FRAD084_07FI152_0046.jpg,Mont Ventoux,Aucun lieu-dit,Terrasse d'observation et l'Observatoire,,,,,
FRAD084_07FI152_0047.jpg,Mont Ventoux,Aucun lieu-dit,La Terrasse d'observation,,,,,
FRAD084_07FI152_0048.jpg,Mont Ventoux,Aucun lieu-dit,Les Appareils Météorologiques,,,,,
FRAD084_07FI152_0049.jpg,Mont Ventoux,Aucun lieu-dit,Plate-forme des Instruments,,,,,
FRAD084_07FI152_0050.jpg,Mont Ventoux,Aucun lieu-dit,Plate-forme des Instruments,,,,,
FRAD084_07FI152_0051.jpg,Mont Ventoux,Aucun lieu-dit,Les Appareils Météorologiques,,,,,
FRAD084_07FI152_0052.jpg,Mont Ventoux,Aucun lieu-dit,Plate-forme des Instruments,,,,,
FRAD084_07FI152_0053_01.jpg,Mont Ventoux,Aucun lieu-dit,L'Observatoire,,,,,
FRAD084_07FI152_0054.jpg,Mont Ventoux,Aucun lieu-dit,L'Observatoire et la Terrasse,,,,,
FRAD084_07FI152_0055.jpg,Mont Ventoux,Aucun lieu-dit,Aucun monument,,,,,find_else
FRAD084_07FI152_0056.jpg,Mont Ventoux,Aucun lieu-dit,L'Observatoire,,,,,
FRAD084_07FI152_0057.jpg,Mont Ventoux,Aucun lieu-dit,Observatoire,,,,,
FRAD084_07FI152_0058.jpg,Mont Ventoux,Aucun lieu-dit,L'Observatoire,,,,,
FRAD084_07FI152_0059.jpg,Mont Ventoux,Aucun lieu-dit,Les Écuries,,,,,
FRAD084_07FI152_0060.jpg,Avignon,Aucun lieu-dit,Aucun monument,mauvaise_commune,,,,
FRAD084_07FI152_0061.jpg,Mont Ventoux,La Grave,Aucun monument,,,,,
FRAD084_07FI152_0062.jpg,Carpentras,Vendran,Aucun monument,,,,cas_ambigu,
FRAD084_07FI152_0063.jpg,Mont Ventoux,Aucun lieu-dit,Hôtel Vendran,,,,,
FRAD084_07FI152_0064.jpg,Carpentras,Aucun lieu-dit,Mont Ventoux,mauvaise_commune,,mauvais_monument,swap_commune_monument,
FRAD084_07FI152_0065.jpg,Mont Ventoux,Aucun lieu-dit,L'Observatoire,,,,,
FRAD084_07FI152_0066.jpg,Mont Ventoux,Aucun lieu-dit,Plate-forme des Instruments,,,,,
FRAD084_07FI152_0067.jpg,Mont Ventoux,Aucun lieu-dit,La Terrasse d'observation,,,,,
FRAD084_07FI152_0068.jpg,Mont Ventoux,Aucun lieu-dit,Observatoire,,,,,
FRAD084_07FI152_0069.jpg,Mont Ventoux,Aucun lieu-dit,L'Observatoire,,,,,
FRAD084_07FI152_0070.jpg,Mont Ventoux,Aucun lieu-dit,L'Observatoire,,,,,
FRAD084_07FI152_0071.jpg,Mont Ventoux,Aucun lieu-dit,Chapelle de la Sainte-Croix,,,,,
FRAD084_07FI152_0072.jpg,Mont Ventoux,la Grave,Rendez-vous de Chasse,,,,,
FRAD084_07FI152_0073.jpg,Mont Ventoux,Aucun lieu-dit,Source de Font-Fiolle,,,,,
FRAD084_07FI152_0074.jpg,Mont Ventoux,Malagut,Source d'eau ferrugineuse,,,,,
FRAD084_07FI152_0075.jpg,Mont Ventoux,Les Tourreaux,Aucun monument,,,monument_absent,,
FRAD084_07FI152_0076.jpg,Mont Ventoux,Étage de Ruches,Aucun monument,,,,,
FRAD084_07FI152_0077.jpg,Mont Ventoux,la Grave,Aucun monument,,,,,
FRAD084_07FI152_0078_01.jpg,Carpentras,Aucun lieu-dit,Aucun monument,mauvaise_commune,,,,
FRAD084_07FI152_0079_01.jpg,,Aucun lieu-dit,Aucun monument,,,,,
FRAD084_07FI152_0080_01.jpg,Carpentras,Aucun lieu-dit,Aucun monument,mauvaise_commune,,,,
FRAD084_07FI152_0081.jpg,Mont Ventoux,Aucun lieu-dit,Aucun monument,,,,,
FRAD084_07FI152_0082.jpg,Mont Ventoux,Aucun lieu-dit,Aucun monument,,lieudit_absent,,,
FRAD084_07FI152_0083.jpg,Mont Ventoux,Aucun lieu-dit,Aucun monument,,,,,
FRAD084_07FI152_0084.jpg,Mont Ventoux,Aucun lieu-dit,Observatoire,,,,,
FRAD084_07FI152_0085.jpg,Mont Ventoux,Aucun lieu-dit,Aucun monument,,,,,
FRAD084_07FI152_0086.jpg,Mont Ventoux,Aucun lieu-dit,La Terrasse,,,,,
FRAD084_07FI152_0087.jpg,Mont Ventoux,Aucun lieu-dit,L'Observatoire,,,,,
FRAD084_07FI152_0088_01.jpg,Mont Ventoux,Saint-Estève,Aucun monument,,,,,
FRAD084_07FI152_0089.jpg,Mont Ventoux,Aucun lieu-dit,Aucun monument,,,,,
FRAD084_07FI152_0090.jpg,Mont Ventoux,St-Estève,Eglise de Mont Ventoux,,,monument_hallucine,,
FRAD084_07FI152_0091.jpg,Mont Ventoux,Aucun lieu-dit,Aucun monument,,,,,
FRAD084_07FI152_0092.jpg,Mont Ventoux,Aucun lieu-dit,Aucun monument,,,,,
FRAD084_07FI152_0093.jpg,Carpentras,Aucun lieu-dit,Mont Ventoux,mauvaise_commune,,mauvais_monument,swap_commune_monument,
FRAD084_07FI152_0094.jpg,Mont Ventoux,Aucun lieu-dit,L'Observatoire,,,,,
FRAD084_07FI152_0095.jpg,Mont Ventoux,Aucun lieu-dit,Aucun monument,,,,,
FRAD084_07FI152_0096.jpg,Mont Ventoux,Aucun lieu-dit,Aucun monument,,,,,
FRAD084_07FI152_0097.jpg,Mont Ventoux,Aucun lieu-dit,Aucun monument,,,,,
FRAD084_07FI152_0098.jpg,Carpentras,Aucun lieu-dit,Mont Ventoux,mauvaise_commune,,mauvais_monument,swap_commune_monument,
FRAD084_07FI152_0099.jpg,Mont Ventoux,Aucun lieu-dit,Aucun monument,,,,,
FRAD084_07FI152_0100.jpg,Mont Ventoux,St-Estève,Aucun monument,,,,,
FRAD084_07FI152_0101_01.jpg,,Aucun lieu-dit,Aucun monument,,,,,
FRAD084_07FI152_0102.jpg,Mont Ventoux,Crestet,Château,,,mauvais_monument,,
FRAD084_07FI152_0105_01.jpg,,Junon,Aucun monument,,mauvais_lieudit,,,
FRAD084_07FI152_0106_01.jpg,Mont Ventoux,Aucun lieu-dit,Chapelle de la Sainte-Croix,,,,,
FRAD084_07FI152_0109.jpg,Carpentras,Aucun lieu-dit,Mont Ventoux,mauvaise_commune,,mauvais_monument,swap_commune_monument,
FRAD084_07FI152_0110_01.jpg,Mont Ventoux,Aucun lieu-dit,Les Appareils Météorologiques,,,,,
FRAD084_07FI152_0111.jpg,Mont Ventoux,Aucun lieu-dit,L'Observatoire et la Terrasse,,,,,
FRAD084_07FI152_0112.jpg,Mont Ventoux,Aucun lieu-dit,L'Observatoire et la Chapelle,,,,,
FRAD084_07FI152_0113_01.jpg,Mont Ventoux,Aucun lieu-dit,Observatoire,,,,,
FRAD084_07FI152_0114.jpg,Mont Ventoux,Aucun lieu-dit,Aucun monument,,,monument_absent,,
FRAD084_07FI153_0001.jpg,Montmirail,Les Dentelles,Aucun monument,,,,,
FRAD084_07FI153_0002.jpg,Dentelles de Montmirail,Aucun lieu-dit,Aucun monument,commune_mauvais_niveau,lieudit_absent,,swap_commune_lieudit,
FRAD084_07FI153_0003.jpg,Dentelles de Montmirail,Aucun lieu-dit,Aucun monument,commune_mauvais_niveau,lieudit_absent,,swap_commune_lieudit,
FRAD084_07FI153_0004_01.jpg,Carpentras,Les Florets,Dentelles de Montmirail,,,,,
